	<record id="action_mail_recap_research" model="ir.actions.server">
		<field name="name">Envoi mail récap de recherche</field>
		<field name="model_id" ref="model_tdsiaoi_research" />
		<field name="state">email</field>
		<field name="condition">True</field>
		<field name="template_id" ref="email_template_buyer_research" />
	</record>
	<record id="rule_mail_recap_research" model="base.action.rule">
		<field name="name">Envoi mail récap de recherche</field>
		<field name="kind">on_create</field>
		<field name="model_id" ref="model_tdsiaoi_research" />
		<field name="server_action_ids" eval="[(6, 0, [ref('action_mail_recap_research')])]" />
	</record>

