                <form string="Envoi annonce">
                    <div class="oe_title">
                        <label for="mandate_id" string="Pour le mandat :" />
                        <h2><field name="mandate_id" colspan="6" /></h2>
                        <separator />
                    </div>
                    <b><field name="description1" readonly="1" /></b>
                    <separator />
                    <field name="research_ids">
                        <tree>
                            <field name="buyer_id" />
                            <field name="name" />
                            <field name="prov_research" />
                            <field name="state" />
                            <field name="write_date" string="Fait le" />
                            <field name="write_uid" string="Par" />
                        </tree>
                    </field>
                    <footer>
                        <button string="Envoyer l'annonce" name="send_advert" type="object" default_focus="1" />
                        <button string="Annuler" class="oe_link" special="cancel" />
                    </footer>
                </form>
